{
  "project_info": {
    "project_number": "1001407848408",
    "project_id": "ecommerce-a53ab",
    "storage_bucket": "ecommerce-a53ab.firebasestorage.app"
  },
  "client": [
    {
      "client_info": {
        "mobilesdk_app_id": "1:1001407848408:android:1625ef735c265711a19cad",
        "android_client_info": {
          "package_name": "com.example.ecommerce"
        }
      },
      "oauth_client": [],
      "api_key": [
        {
          "current_key": "AIzaSyBllxxg1cV4H30sSWQ4CosiTqeC3nYVXRg"
        }
      ],
      "services": {
        "appinvite_service": {
          "other_platform_oauth_client": []
        }
      }
    }
  ],
  "configuration_version": "1"
}